corpus	text	uid	gword	gloss	graid	gform	ganim	gfunc	refind	reflex
teop	mat	0001	#	#	##	##				
teop	mat	0001	Tei-tei	RED-stay	v:pred	v		pred		
teop	mat	0001	roho	before	rv	rv				
teop	mat	0001	a	ART2.SG	ln	ln				
teop	mat	0001	peha	INDEF.A	ln	ln				
teop	mat	0001	vaan	village	np:s	np		s		
teop	mat	0002	PAUSE	PAUSE	nc	nc				
teop	mat	0003	#	#	##	##				
teop	mat	0003	Peha	INDEF.A	ln	ln				
teop	mat	0003	a	ART2.SG	ln	ln				
teop	mat	0003	vaan	village	np:dt	np		dt		
teop	mat	0003	bona	ANA	rn	rn				
teop	mat	0003	tei-tei	RED-stay	v:pred	v		pred		
teop	mat	0003	peho	INDEF.O	ln	ln				
teop	mat	0003	o	ART2.PL	ln	ln				
teop	mat	0003	vahara	little.PL	ln	ln				
teop	mat	0003	beiko	child	pl_np.h:s	pl_np	h	s		
teop	mat	0004	#	#	##	##				
teop	mat	0004	ae	and1	other	other				
teop	mat	0004	a	ART2.SG	ln	ln				
teop	mat	0004	peha	INDEF.A	ln	ln				
teop	mat	0004	moon	woman	np.h:s	np	h	s		
teop	mat	0004	a	ART2.SG	lv	lv				
teop	mat	0004	gigo	pregnant	v:pred	v		pred		
teop	mat	0005	#	#	##	##				
teop	mat	0005	erau	so	other	other				
teop	mat	0005	a	ART2.SG	ln	ln				
teop	mat	0005	vahara	little.PL	ln	ln				
teop	mat	0005	beiko	child	pl_np.h:a	pl_np	h	a		
teop	mat	0005	re=	CONSEC=	other=	other=				
teop	mat	0005	paa	TAM3	lv	lv				
teop	mat	0005	nubu	set.off.early	v:pred	v		pred		
teop	mat	0005	bono	OBJ.ART3.SG	ln	ln				
teop	mat	0005	bai	mango tree	np:p	np		p		
teop	mat	0006	#	#	##	##				
teop	mat	0006	O	ART3.SG	ln	ln				
teop	mat	0006	bai	mango.tree	np:a	np		a		
teop	mat	0006	bona	ANA	rn	rn				
teop	mat	0006	he	but	other	other				
teop	mat	0006	na	TAM2	lv	lv				
teop	mat	0006	sun	stand	v:pred	v		pred		
teop	mat	0006	nanaoana	far.away	rv	rv				
teop	mat	0006	rakaha	very	rv	rv				
teop	mat	0006	kahi	from	rv	rv				
teop	mat	0006	nana	{3SG.IPFV}	rv-pro:a	rv-pro		a		
teop	mat	0006	bona	OBJ.ART2.SG	ln	ln				
teop	mat	0006	vaan	village	np:p	np		p		
teop	mat	0007	PAUSE	PAUSE	nc	nc				
teop	mat	0008	#	#	##	##				
teop	mat	0008	peho	INDEF.O	ln	ln				
teop	mat	0008	taem	time	np:other	np		other		
teop	mat	0008	me	and4	other	other				
teop	mat	0008	=a	=ART2.SG	=ln	=ln				
teop	mat	0008	si	DIM	ln	ln				
teop	mat	0008	moon	woman	np.h:s_ds	np	h	s_ds		
teop	mat	0008	paa	TAM3	lv	lv				
teop	mat	0008	hino	ask	v:pred	v		pred		
teop	mat	0009	#ds	#ds	##ds	##ds				
teop	mat	0009	ZERO	2PL.ZERO	pl_0.2:a	pl_0	2	a		
teop	mat	0009	"Dee	bring	v:pred	v		pred		
teop	mat	0009	maa	hither	rv	rv				
teop	mat	0009	vareko	please	rv	rv				
teop	mat	0009	ta	NSPEC1.SG	ln	ln				
teop	mat	0009	bai!"	mango	np:p	np		p		
teop	mat	0010	PAUSE	PAUSE	nc	nc				
teop	mat	0011	#	#	##	##				
teop	mat	0011	me=	and4=	other=	other=				
teop	mat	0011	o	ART3.SG	ln	ln				
teop	mat	0011	vahara	little.PL	ln	ln				
teop	mat	0011	beiko	child	pl_np.h:s_ds	pl_np	h	s_ds		
teop	mat	0011	paa	TAM3	lv	lv				
teop	mat	0011	sue	say	v:pred	v		pred		
teop	mat	0012	#ds	#ds	##ds	##ds				
teop	mat	0012	"Ahiki	not.exist	other:pred	other		pred		
teop	mat	0012	ta	NSPEC1.SG	ln	ln				
teop	mat	0012	bai	mango	np:s	np		s		
teop	mat	0012	#	#	##ds	##ds				
teop	mat	0012	eam	2PL.PRON	pl_pro.2:s	pl_pro	2	s		
teop	mat	0012	toro	must	lv	lv				
teop	mat	0012	nao	go	v:pred	v		pred		
teop	mat	0012	komana	PTCL2	rv	rv				
teop	mat	0012	bata	along	rv	rv				
teop	mat	0012	#	#	##ds	##ds				
teop	mat	0012	eam	2PL.PRON	pl_pro.2:s	pl_pro	2	s		
teop	mat	0012	toro	must	lv	lv				
teop	mat	0012	nao	go	v:pred	v		pred		
teop	mat	0012	pusu	stump	np:g	np		g		
teop	mat	0012	bai	mango.tree	rn	rn				
teop	mat	0013	#	#	##	##				
teop	mat	0013	me=	and4=	other=	other=				
teop	mat	0013	erau	so	other	other				
teop	mat	0013	me=	and4=	other=	other=				
teop	mat	0013	a	ART2.SG	ln	ln				
teop	mat	0013	si	DIM	ln	ln				
teop	mat	0013	moon	woman	np.h:s	np	h	s		
teop	mat	0013	paa	TAM3	lv	lv				
teop	mat	0013	takaha	set.off.at.dawn	v:pred	v		pred		
teop	mat	0013	peho	INDEF.O	ln	ln				
teop	mat	0013	vuri	time	np:other	np		other		
teop	mat	0014	#	#	##	##				
teop	mat	0014	me=	and4=	other=	other=				
teop	mat	0014	ZERO	3SG.ZERO	0.h:s	0	h	s		
teop	mat	0014	paa	TAM3	lv	lv				
teop	mat	0014	nao	go	v:pred	v		pred		
teop	mat	0015	#	#	##	##				
teop	mat	0015	Me	and4	other	other				
teop	mat	0015	ZERO	3SG.ZERO	0.h:s	0	h	s		
teop	mat	0015	nao-nao	RED-go	v:pred	v		pred		
teop	mat	0015	sana	PTCL3	rv	rv				
teop	mat	0016	#	#	##	##				
teop	mat	0016	me	and4	other	other				
teop	mat	0016	ZERO	3SG.ZERO	0.h:s	0	h	s		
teop	mat	0016	nao	go	v:pred	v		pred		
teop	mat	0016	#	#	##	##				
teop	mat	0016	me	and4	other	other				
teop	mat	0016	ZERO	3SG.ZERO	0.h:s	0	h	s		
teop	mat	0016	nao	go	v:pred	v		pred		
teop	mat	0016	#	#	##	##				
teop	mat	0016	me	and4	other	other				
teop	mat	0016	ZERO	3SG.ZERO	0.h:s	0	h	s		
teop	mat	0016	nao	go	v:pred	v		pred		
teop	mat	0016	#	#	##	##				
teop	mat	0016	me=	and4=	other	other				
teop	mat	0016	ZERO	3SG.ZERO	0.h:a	0	h	a		
teop	mat	0016	paa	TAM3	lv	lv				
teop	mat	0016	no	go	v:pred	v		pred		
teop	mat	0016	tara	see	rv	rv				
teop	mat	0016	bono	OBJ.ART3.SG	ln	ln				
teop	mat	0016	pusu	stump	np:p	np		p		
teop	mat	0016	bai	mango.tee	rn	rn				
teop	mat	0016	ei	DEM2	rn	rn				
teop	mat	0017	#	#	##	##				
teop	mat	0017	o	ART3.SG	ln	ln				
teop	mat	0017	bai	mango.tree	np:s	np		s		
teop	mat	0017	na	TAM2	lv	lv				
teop	mat	0017	vua	bear.fruit	v:pred	v		pred		
teop	mat	0017	nana	{3SG.IPFV}	rv-pro:s	rv-pro		s		
teop	mat	0018	#	#	##	##				
teop	mat	0018	me=	and4=	other=	other=				
teop	mat	0018	ZERO	3SG.ZERO	0.h:a	0	h	a		
teop	mat	0018	paa	TAM3	lv	lv				
teop	mat	0018	taneo	start	v:pred	v		pred		
teop	mat	0018	#cc	#cc	#cc:p	#cc		p		
teop	mat	0018	tea	COMP1	other	other				
teop	mat	0018	tasu	throw	vother:pred	vother		pred		
teop	mat	0018	ZERO	4SG1.ZERO	0:p	0		p		
teop	mat	0019	#	#	##	##				
teop	mat	0019	ZERO	3SG.ZERO	0.h:a	0	h	a		
teop	mat	0019	tasu	throw	v:pred	v		pred		
teop	mat	0019	vai	now	rv	rv				
teop	mat	0019	ZERO	4SG1.ZERO	0:p	0		p		
teop	mat	0019	#	#	##	##				
teop	mat	0019	ahiki	not.exist	other:pred	other		pred		
teop	mat	0019	ta	NSPEC1.SG	ln	ln				
teop	mat	0019	bai	mango	np:s	np		s		
teop	mat	0020	#	#	##	##				
teop	mat	0020	vaa-buaku	ORD-two	other:dt	other		dt		
teop	mat	0020	ahiki	not.exist	other:pred	other		pred		
teop	mat	0020	ta	NSPEC1.SG	ln	ln				
teop	mat	0020	bai	mango	np:s	np		s		
teop	mat	0020	#	#	##	##				
teop	mat	0020	na	TAM2	lv	lv				
teop	mat	0020	vaa-kukan	ORD-three	v:pred	v		pred		
teop	mat	0020	bata	along	rv	rv				
teop	mat	0020	=na	={3SG.IPFV}	=rv-pro:s	=rv-pro		s		
teop	mat	0020	#	#	##	##				
teop	mat	0020	a	ART2.SG	ln	ln				
teop	mat	0020	bai	mango	np:s	np		s		
teop	mat	0020	he	but	other	other				
teop	mat	0020	kuu	fall.down	v:pred	v		pred		
teop	mat	0021	#	#	##	##				
teop	mat	0021	ZERO	3SG.ZERO	0:s	0		s		
teop	mat	0021	Kuu	fall.down	v:pred	v		pred		
teop	mat	0021	vai	now	rv	rv				
teop	mat	0021	#	#	##	##				
teop	mat	0021	me=	and4	other=	other=				
teop	mat	0021	ZERO	3SG.ZERO	0:s	0		s		
teop	mat	0021	paa	TAM3	lv	lv				
teop	mat	0021	mirin	roll	v:pred	v		pred		
teop	mat	0022	#	#	##	##				
teop	mat	0022	Me	and4	other	other				
teop	mat	0022	ZERO	3SG.ZERO	0:s	0		s		
teop	mat	0022	mirin	roll	v:pred	v		pred		
teop	mat	0022	#	#	##	##				
teop	mat	0022	me	and4	other	other				
teop	mat	0022	ZERO	3SG.ZERO	0:s	0		s		
teop	mat	0022	mirin	roll	v:pred	v		pred		
teop	mat	0022	#	#	##	##				
teop	mat	0022	a	ART2.SG	ln	ln				
teop	mat	0022	moon	woman	np.h:a	np	h	a		
teop	mat	0022	vatete	chase	v:pred	v		pred		
teop	mat	0022	bata	along	rv	rv				
teop	mat	0022	=na	={3SG.IPFV}	=rv-pro.h:a	=rv-pro	h	a		
teop	mat	0022	bona	OBJ.ART2.SG	ln	ln				
teop	mat	0022	bai	mango	np:p	np		p		
teop	mat	0023	#	#	##	##				
teop	mat	0023	ZERO	3SG.ZERO	0:s	0		s		
teop	mat	0023	Mirin	roll	v:pred	v		pred		
teop	mat	0023	#	#	##	##				
teop	mat	0023	ZERO	3SG.ZERO	0:s	0		s		
teop	mat	0023	mirin	roll	v:pred	v		pred		
teop	mat	0023	#	#	##	##				
teop	mat	0023	me	and4	other	other				
teop	mat	0024	e	ART1.SG	ln	ln				
teop	mat	0024	roosuu	giant	np.h:s	np	h	s		
teop	mat	0024	he	but	other	other				
teop	mat	0024	na	TAM2	lv	lv				
teop	mat	0024	hio	sit	v:pred	v		pred		
teop	mat	0024	maa	hither	rv	rv				
teop	mat	0024	=na	={3SG.IPFV}	=rv-pro.h:s	=rv-pro	h	s		
teop	mat	0024	mata-	front-	np:l	np		l		
teop	mat	0024	n=	{3SG.POSS}=	-rn_pro:poss	-rn_pro		poss		
teop	mat	0024	o	ART3.SG	rn	rn				
teop	mat	0024	avaava	cave	rn_np:poss	rn_np		poss		
teop	mat	0024	te=	PREP=	rn_adp=	rn_adp=				
teop	mat	0024	eve	3SG.PRON	rn_pro.h:poss	rn_pro	h	poss		
teop	mat	0025	#	#	##	##				
teop	mat	0025	ZERO	3SG.ZERO	0.h:s_ds	0	h	s_ds		
teop	mat	0025	na	TAM2	lv	lv				
teop	mat	0025	sue	say	v:pred	v		pred		
teop	mat	0025	maa	hither	rv	rv				
teop	mat	0025	=na	={3SG.IPFV}	=rv-pro.h:s	=rv-pro	h	s		
teop	mat	0025	#ds	#ds	#ds	#ds				
teop	mat	0025	ZERO	2SG.ZERO	0.2:s	0	2	s		
teop	mat	0025	Mirin"	Roll	v:pred	v		pred		
teop	mat	0025	bai	mango	np:voc	np		voc		
teop	mat	0025	#ds	#ds	##ds	##ds				
teop	mat	0025	ZERO	2SG.ZERO	0.2:s	0	2	s		
teop	mat	0025	mirin	roll	v:pred	v		pred		
teop	mat	0025	bai	mango	np:voc	np		voc		
teop	mat	0025	#	#	##ds	##ds				
teop	mat	0025	ZERO	2SG.ZERO	0.2:s	0	2	s		
teop	mat	0025	mirin	roll	v:pred	v		pred		
teop	mat	0025	bai	mango	np:voc	np		voc		
teop	mat	0026	PAUSE	PAUSE	nc	nc				
teop	mat	0027	#	#	##	##				
teop	mat	0027	A	ART2.SG	ln	ln				
teop	mat	0027	moon	woman	np.h:a	np	h	a		
teop	mat	0027	vatete	chase	v:pred	v		pred		
teop	mat	0027	vakisi	still	rv	rv				
teop	mat	0027	bata	along	rv	rv				
teop	mat	0027	=na	={3SG.IPFV}	=rv-pro.h:a	=rv-pro	h	a		
teop	mat	0027	ZERO		0:p	0		p		
teop	mat	0028	#	#	##	##				
teop	mat	0028	me=	and4=	other=	other=				
teop	mat	0028	ZERO	3SG.ZERO	0.h:s	0	h	s		
teop	mat	0028	paa	TAM3	lv	lv				
teop	mat	0028	nao	go	v:pred	v		pred		
teop	mat	0028	hopo	go.inside	rv	rv				
teop	mat	0028	#	#	##	##				
teop	mat	0028	me	and.4	other	other				
teop	mat	0028	ZERO	3SG.ZERO	0.h:s	0	h	s		
teop	mat	0028	hopo	go.inside	v:pred	v		pred		
teop	mat	0028	va-rova-rova	ADVR-RED-disappear	rv	rv				
teop	mat	0028	te=	PREP=	adp=	adp=				
teop	mat	0028	o	ART3.SG	ln	ln				
teop	mat	0028	hopo	cave	np:l	np		l		
teop	mat	0028	te	PREP	rn_adp	rn_adp				
teop	mat	0028	=e	=ART1.SG	=rn	=rn				
teop	mat	0028	roosuu	giant	rn_np.h:poss	rn_np	h	poss		
teop	mat	0029	##		##	##				
teop	mat	0029	Me	and4	other	other				
teop	mat	0029	=e	=ART1.SG	=ln	=ln				
teop	mat	0029	roosuu	giant	np.h:a	np	h	a		
teop	mat	0029	paa	TAM3	lv	lv				
teop	mat	0029	sue	say	v:pred	v		pred		
teop	mat	0029	ki	DAT	rv	rv				
teop	mat	0029	bono	OBJ.ART3.SG	ln	ln				
teop	mat	0029	matavus	door	np:p	np		p		
teop	mat	0030	#ds	#ds	##ds	##ds				
teop	mat	0030	"Tagan	Tagan	??	??				
teop	mat	0030	takapusu	takapusu	??	??				
teop	mat	0031	#	#	##	##				
teop	mat	0031	me=	and4=	other=	other=				
teop	mat	0031	o	ART3.SG	ln	ln				
teop	mat	0031	matavus	door	np:s	np		s		
teop	mat	0031	paa	TAM3	lv	lv				
teop	mat	0031	paas	shut	v:pred	v		pred		
teop	mat	0032			nc	nc				
teop	mat	0033	#	#	##	##				
teop	mat	0033	ZERO	3SG.ZERO	0.h:s	0	h	s		
teop	mat	0033	Tei	stay	v:pred	v		pred		
teop	mat	0033	vai	now	rv	rv				
teop	mat	0033	#	#	##	##				
teop	mat	0033	a	ART2.SG	ln	ln				
teop	mat	0033	moon	woman	np.h:a	np	h	a		
teop	mat	0033	toku	not.know	v:pred	v		pred		
teop	mat	0033	vai	now	rv	rv				
teop	mat	0033	#cc	#cc	#cc:p	#cc		p		
teop	mat	0033	a	ART2.SG	ln	ln				
teop	mat	0033	tabae	what	np:pred	np		pred		
teop	mat	0033	#rc	#rc	#rc:s	#rc		s		
teop	mat	0033	to	REL	rel_pro:s	rel_pro		s		
teop	mat	0033	paa	TAM3	lv	lv				
teop	mat	0033	ta-paku	ACAUS-do	v:pred	v		pred		
teop	mat	0034	#	#	##	##				
teop	mat	0034	me	and4	other	other				
teop	mat	0034	ZERO	3SG.ZERO	0.h:s	0	h	s		
teop	mat	0034	tei	stay	v:pred	v		pred		
teop	mat	0034	#	#	##	##				
teop	mat	0034	me=	and4=	other=	other=				
teop	mat	0034	a	ART2.SG	ln	ln				
teop	mat	0034	tavaan	people	pl_np.h:a	pl_np	h	a		
teop	mat	0034	paa	TAM3	lv	lv				
teop	mat	0034	nagu	tired	v:pred	v		pred		
teop	mat	0034	me	also	rv	rv				
teop	mat	0034	#cc	#cc	#cc:p	#cc		p		
teop	mat	0034	tea	COMP1	other	other				
teop	mat	0034	rake	search	vother:pred	vother		pred		
teop	mat	0034	ZERO	4SG2.ZERO	0.h:p	0	h	p		
teop	mat	0034	te=	PREP=	adp=	adp=				
teop	mat	0034	a	ART2.SG	ln	ln				
teop	mat	0034	bon	night	np:other	np		other		
teop	mat	0035			nc	nc				
teop	mat	0036	#	#	##	##				
teop	mat	0036	me=	and4	other=	other=				
teop	mat	0036	ori	3PL.PRON	pl_pro.h:a	pl_pro	h	a		
teop	mat	0036	nagu	tired	v:pred	v		pred		
teop	mat	0036	#cc	#cc	#cc:p	#cc		p		
teop	mat	0036	tea	COMP1	other	other				
teop	mat	0036	rake	search	vother:pred	vother		pred		
teop	mat	0036	ZERO	4SG2.ZERO	0.h:p	0	h	p		
teop	mat	0036	#	#	##	##				
teop	mat	0036	vaa-buaku	ORD-two	ln	ln				
teop	mat	0036	o	ART3.SG	ln	ln				
teop	mat	0036	bon	day	np:dt	np		dt		
teop	mat	0036	ZERO		pl_0.h:s	pl_0	h	s		
teop	mat	0036	nagu	tired	v:pred	v		pred		
teop	mat	0037	#	#	##	##				
teop	mat	0037	me=	and4=	other=	other=				
teop	mat	0037	ori	3PL.PRON	pl_pro.h:a	pl_pro	h	a		
teop	mat	0037	paa	TAM3	lv	lv				
teop	mat	0037	nagu-nagu	RED-tired	v:pred	v		pred		
teop	mat	0037	#cc	#cc	#cc:p	#cc		p		
teop	mat	0037	tea	COMP1	other	other				
teop	mat	0037	rake	search	vother:pred	vother		pred		
teop	mat	0037	ZERO	4SG2.ZERO	0.h:p	0	h	p		
teop	mat	0037	#	#	##	##				
teop	mat	0037	me=	and4=	other=	other=				
teop	mat	0037	ori	3PL.PRON	pl_pro.h:a	pl_pro	h	a		
teop	mat	0037	paa	TAM3	lv	lv				
teop	mat	0037	umee	abandon	v:pred	v		pred		
teop	mat	0037	bona	OBJ.ART2.SG	ln	ln				
teop	mat	0037	moon	woman	np.h:p	np	h	p		
teop	mat	0038	#	#	##	##				
teop	mat	0038	vahuhu	give.birth	v:pred	v		pred		
teop	mat	0038	vai	now	rv	rv				
teop	mat	0038	a	ART2.SG	ln	ln				
teop	mat	0038	moon	woman	np.h:s	np	h	s		
teop	mat	0039	koma=	inside=	np:l	np		l		
teop	mat	0039	n=	{3SG.POSS}=	rn_pro:poss=	rn_pro		poss=		
teop	mat	0039	o	ART3.SG	rn	rn				
teop	mat	0039	hopo	cave	rn_np:poss	rn_np		poss		
teop	mat	0039	#	#	##	##				
teop	mat	0039	me=	and4=	other=	other=				
teop	mat	0039	a	ART2.SG	ln	ln				
teop	mat	0039	beiko	child	np.h:s	np	h	s		
teop	mat	0039	paa	TAM3	lv	lv				
teop	mat	0039	beera	big	v:pred	v		pred		
teop	mat	0040	#	#	##	##				
teop	mat	0040	ZERO	3SG.ZERO	0.h:s	0	h	s		
teop	mat	0040	A	ART2.SG	ln	ln				
teop	mat	0040	beiko	child	np:pred	np		pred		
teop	mat	0040	otei	male	rn	rn				
teop	mat	0041	#	#	##	##				
teop	mat	0041	Me	and4	other	other				
teop	mat	0041	ZERO	3SG.ZERO	0.h:s	0	h	s		
teop	mat	0041	beera	big	v:pred	v		pred		
teop	mat	0041	#	#	##	##				
teop	mat	0041	me	and4	other	other				
teop	mat	0041	ZERO	3SG.ZERO	0.h:s	0	h	s		
teop	mat	0041	beera	big	v:pred	v		pred		
teop	mat	0041	maa	hither	rv	rv				
teop	mat	0042	#	#	##	##				
teop	mat	0042	me=	and4=	other=	other=				
teop	mat	0042	e	ART1.SG	ln	ln				
teop	mat	0042	roosuu	giant	np.h:a	np	h	a		
teop	mat	0042	paa	TAM3	lv	lv				
teop	mat	0042	paku	do	v:pred	v		pred		
teop	mat	0042	ki	DAT	rv	rv				
teop	mat	0042	bona	4SG1.PRON	pro.h:p	pro	h	p		
teop	mat	0042	bona	OBJ.ART2.SG	ln	ln				
teop	mat	0043	vuhun	bow	np:p2	np		p2		
teop	mat	0044	#	#	##	##				
teop	mat	0044	ZERO	3SG.ZERO	0.h:a	0	h	a		
teop	mat	0044	Paku	do	v:pred	v		pred		
teop	mat	0044	vai	now	rv	rv				
teop	mat	0044	bona	OBJ.ART2.SG	ln	ln				
teop	mat	0044	vuhun	bow	np:p	np		p		
teop	mat	0044	#	#	##	##				
teop	mat	0044	me	and4	other	other				
teop	mat	0044	ZERO	3SG.ZERO	0.h:a	0	h	a		
teop	mat	0044	tei-tei	RED-stay	v:pred	v		pred		
teop	mat	0044	koa	just	rv	rv				
teop	mat	0044	mi	with	rv	rv				
teop	mat	0044	bona	OBJ.ART2.SG	ln	ln				
teop	mat	0044	vuhun	bow	np:p	np		p		
teop	mat	0044	bona	ANA	rn	rn				
teop	mat	0044	koma=	inside=	np:l=	np		l=		
teop	mat	0044	n=	{3SG.POSS}=	rn_pro:poss=	rn_pro		poss=		
teop	mat	0044	o	ART3.SG	rn	rn				
teop	mat	0044	hopo	cave	rn_np:poss	rn_np		poss		
teop	mat	0045	#	#	##	##				
teop	mat	0045	ZERO	3SG.ZERO	0.h:s	0	h	s		
teop	mat	0045	Tei	stay	v:pred	v		pred		
teop	mat	0045	nana	{3SG.IPFV}	rv-pro.h:s	rv-pro	h	s		
teop	mat	0045	#	#	##	##				
teop	mat	0045	ZERO	3SG.ZERO	0.h:s	0	h	s		
teop	mat	0045	tei	stay	v:pred	v		pred		
teop	mat	0045	#	#	##	##				
teop	mat	0045	me=	and4=	other=	other=				
teop	mat	0045	ori	3PL.PRON	pl_pro.h:s	pl_pro	h	s		
teop	mat	0045	tei	stay	v:pred	v		pred		
teop	mat	0045	#	#	##	##				
teop	mat	0045	me=	and4=	other=	other=				
teop	mat	0045	a	ART2.SG	ln	ln				
teop	mat	0045	beiko	child	np.h:s	np	h	s		
teop	mat	0045	beera	big	v:pred	v		pred		
teop	mat	0045	maa	hither	rv	rv				
teop	mat	0046			nc	nc				
teop	mat	0047	#	#	##	##				
teop	mat	0047	Erau	so	other	other				
teop	mat	0048	peho	INDEF.O	ln	ln				
teop	mat	0048	taem	time	np:other	np		other		
teop	mat	0048	me=	and4=	other=	other=				
teop	mat	0048	e	ART1.SG	ln	ln				
teop	mat	0048	roosuu	giant	np.h:s_ds	np	h	s_ds		
teop	mat	0048	paa	TAM3	lv	lv				
teop	mat	0048	sue	say	v:pred	v		pred		
teop	mat	0048	#ds	#ds	##ds	##ds				
teop	mat	0048	Eam"	2PL.PRON	pl_pro.2:s	pl_pro	2	s		
teop	mat	0048	pasi	TAM4	lv	lv				
teop	mat	0048	tei	stay	v:pred	v		pred		
teop	mat	0048	nom	{2PL.IPFV}	rv-pl_pro.h:s	rv-pl_pro	h	s		
teop	mat	0048	#ac	#ac	#ac	#ac				
teop	mat	0048	be=	when=	other=	other=				
teop	mat	0048	naa	1SG.PRON	pro.1:s	pro	1	s		
teop	mat	0048	nao	go	v:pred	v		pred		
teop	mat	0048	#cc	#cc	#cc:g	#cc		g		
teop	mat	0048	tea	COMP1	other	other				
teop	mat	0048	"vaahiipi"""	hunt.pigs	vother:pred	vother		pred		
teop	mat	0049	#	#	##	##				
teop	mat	0049	me=	and4=	other=	other=				
teop	mat	0049	ZERO	3SG.ZERO	0.h:s	0	h	s		
teop	mat	0049	paa	TAM3	lv	lv				
teop	mat	0049	nao	go	v:pred	v		pred		
teop	mat	0049	#cc:g	#cc:g	#cc:g	#cc		g		
teop	mat	0049	tea	COMP1	other	other				
teop	mat	0049	vaahiipi	hunt.pigs	vother:pred	vother		pred		
teop	mat	0050			nc	nc				
teop	mat	0051	#	#	##	##				
teop	mat	0051	me=	and4=	other=	other=				
teop	mat	0051	ZERO	3SG.ZERO	0.h:s	0	h	s		
teop	mat	0051	paa	TAM3	lv	lv				
teop	mat	0051	nao	go	v:pred	v		pred		
teop	mat	0051	#cc:g		#cc:g	#cc		g		
teop	mat	0051	tea	COMP1	other	other				
teop	mat	0051	vaahiipi	hunt.pigs	vother:pred	vother		pred		
teop	mat	0051	#	#	##	##				
teop	mat	0051	me	and4	other	other				
teop	mat	0051	ZERO	3SG.ZERO	0.h:s	0	h	s		
teop	mat	0051	vaahiipi	hunt.pigs	v:pred	v		pred		
teop	mat	0051	maa	hither	rv	rv				
teop	mat	0052	#	#	##	##				
teop	mat	0052	me=	and4=	other=	other=				
teop	mat	0052	a	ART2.SG	ln	ln				
teop	mat	0052	moon	woman	np.h:a	np	h	a		
teop	mat	0052	paa	TAM3	lv	lv				
teop	mat	0052	butara	try	v:pred	v		pred		
teop	mat	0052	#cc	#cc	#cc:p	#cc		p		
teop	mat	0052	tea	COMP1	other	other				
teop	mat	0052	sue	say	vother:pred	vother		pred		
teop	mat	0052	ki	DAT	rv	rv				
teop	mat	0052	bono	OBJ.ART3	ln	ln				
teop	mat	0052	matavus	door	np:p	np		p		
teop	mat	0053	#	#	##	##				
teop	mat	0053	ZERO	3SG.ZERO	0.h:a	0	h	a		
teop	mat	0053	sue	say	v:pred	v		pred		
teop	mat	0053	ki	DAT	rv	rv				
teop	mat	0053	bono	OBJ.ART3.SG	ln	ln				
teop	mat	0053	matavus	door	np:p	np		p		
teop	mat	0054	#ds	#ds	#ds:p2	#ds		p2		
teop	mat	0054	"Tagan	Tagan						
teop	mat	0055	takarata"	takarata						
teop	mat	0055	#	#	##	##				
teop	mat	0055	me=	and4=	other=	other=				
teop	mat	0055	o	ART3.SG	ln	ln				
teop	mat	0055	matavus	door	np:s	np		s		
teop	mat	0055	paa	TAM3	lv	lv				
teop	mat	0055	ta-mamata	ACAUS-open	v:pred	v		pred		
teop	mat	0056	#ds	#ds	##ds	##ds				
teop	mat	0056	"Tagan	Tagan						
teop	mat	0056	takapus"	takapus						
teop	mat	0057			nc	nc				
teop	mat	0058	#	#	##	##				
teop	mat	0058	me=	and4=	other=	other=				
teop	mat	0058	o	ART3.SG	ln	ln				
teop	mat	0058	matavus	door	np:s	np		s		
teop	mat	0058	paa	TAM3	lv	lv				
teop	mat	0059	paas	shut	v:pred	v		pred		
teop	mat	0059	vahaa	again	rv	rv				
teop	mat	0060	Erau	so	other	other				
teop	mat	0061	#	#	##	##				
teop	mat	0061	me=	and4=	other=	other=				
teop	mat	0061	ZERO	3SG.ZERO	0.h:s_ds	0	h	s_ds		
teop	mat	0061	paa	TAM3	lv	lv				
teop	mat	0061	sue	say	v:pred	v		pred		
teop	mat	0061	#ds	#ds	##ds	##ds				
teop	mat	0061	"Eara	1PL.IN-PRON	pl_pro.1:s	pl_pro	1	s		
teop	mat	0061	kahi	TAM1	lv	lv				
teop	mat	0061	nao	go	v:pred	v		pred		
teop	mat	0061	vaha	back	rv	rv				
teop	mat	0061	rara	{1PL.IN.IPFV}	rv-pl_pro.h:s	rv-pl_pro	h	s		
teop	mat	0061	vaan	village	np:g	np		g		
teop	mat	0061	#	#	##	##				
teop	mat	0061	a	ART2.SG	ln	ln				
teop	mat	0061	beiko	child	np.h:s	np	h	s		
teop	mat	0061	paa	TAM3	lv	lv				
teop	mat	0061	beera	big	v:pred	v		pred		
teop	mat	0061	vaevuru	already	rv	rv				
teop	mat	0062	#	#	##	##				
teop	mat	0062	Orait	alright	other	other				
teop	mat	0062	e	ART1.SG	ln	ln				
teop	mat	0062	Roosuu	giant	np.h:s	np	h	s		
teop	mat	0062	voos	go.home	v:pred	v		pred		
teop	mat	0062	vai	now	rv	rv				
teop	mat	0062	maa	hither	rv	rv				
teop	mat	0063	#	#	##	##				
teop	mat	0063	ZERO	3SG.ZERO	0.h:s	0	h	s		
teop	mat	0063	hovo	go.inside	v:pred	v		pred		
teop	mat	0063	vaha	back	rv	rv				
teop	mat	0063	vai	now	rv	rv				
teop	mat	0063	maa	hither	rv	rv				
teop	mat	0063	te=	PREP=	adp=	adp=				
teop	mat	0063	o	ART3.SG	ln	ln				
teop	mat	0063	avaava	cave	np:g	np		g		
teop	mat	0064	PAUSE	PAUSE	nc	nc				
teop	mat	0065	#	#	##	##				
teop	mat	0065	ZERO	3SG.ZERO	0.h:s	0	h	s		
teop	mat	0065	Hovo	go.inside	v:pred	v		pred		
teop	mat	0065	vaha	again	rv	rv				
teop	mat	0065	koa	just	rv	rv				
teop	mat	0065	maa	hither	rv	rv				
teop	mat	0066	#	#	##	##				
teop	mat	0066	ZERO	3SG.ZERO	0.h:s_ds	0	h	s_ds		
teop	mat	0066	sue	say	v:pred	v		pred		
teop	mat	0066	vai	now	rv	rv				
teop	mat	0066	#ds	#ds	##ds	##ds				
teop	mat	0066	Enaa"	1SG.PRON	pro.1:a	pro	1	a		
teop	mat	0066	paa	TAM3	lv	lv				
teop	mat	0066	dee	bring	v:pred	v		pred		
teop	mat	0066	ma=	hither=	rv=	rv=				
teop	mat	0066	e	ART1.SG	ln	ln				
teop	mat	0066	guu	pig	np:p	np		p		
teop	mat	0067	#	#	##	##				
teop	mat	0067	me=	and4=	other=	other=				
teop	mat	0067	ori	3PL.PRON	pl_pro.h:a	pl_pro	h	a		
teop	mat	0067	paa	TAM3	lv	lv				
teop	mat	0067	huraka	gut	v:pred	v		pred		
teop	mat	0067	bene	OBJ.ART1.SG	ln	ln				
teop	mat	0067	guu	pig	np:p	np		p		
teop	mat	0067	#	#	##	##				
teop	mat	0067	me=	and4=	other=	other=				
teop	mat	0067	ori	3PL.PRON	pl_pro.h:a	pl_pro	h	a		
teop	mat	0067	paa	TAM3	lv	lv				
teop	mat	0067	nahu	cook	v:pred	v		pred		
teop	mat	0067	ZERO	4SG2.ZERO	0:p	0		p		
teop	mat	0067	#	#	##	##				
teop	mat	0067	me=	and4=	other=	other=				
teop	mat	0067	ori	3PL.PRON	pl_pro.h:a	pl_pro	h	a		
teop	mat	0067	an	eat	v:pred	v		pred		
teop	mat	0067	ZERO		0:p	0		p		
teop	mat	0068	#	#	##	##				
teop	mat	0068	Me	and4	other	other				
teop	mat	0068	a	ART2.SG	ln	ln				
teop	mat	0068	moon	woman	np.h:s_ds	np	h	s_ds		
teop	mat	0068	paa	TAM3	lv	lv				
teop	mat	0068	sue	say	v:pred	v		pred		
teop	mat	0068	#ds	#ds	##ds	##ds				
teop	mat	0068	"Enaa	1SG.PRON	pro.1:a	pro	1	a		
teop	mat	0068	na	TAM2	lv	lv				
teop	mat	0068	karahu	fed.up	v:pred	v		pred		
teop	mat	0068	rakaha	very	rv	rv				
teop	mat	0068	nom	{1SG.IPFV}	rv-pro.1:a	rv-pro	1	a		
teop	mat	0068	#cc	#cc	#ds_cc:p	#ds_cc		p		
teop	mat	0068	tea	COMP1	other	other				
teop	mat	0068	an	eat	vother:pred	vother		pred		
teop	mat	0068	a=	ART2.SG	ln	ln				
teop	mat	0068	maa	PL	ln	ln				
teop	mat	0068	tabaan	food	pl_np:p	pl_np		p		
teop	mat	0068	a=	ART2.SG=PL	rn=	rn=				
teop	mat	0068	maa	PL	rn	rn				
teop	mat	0068	marakua	unsalted	rn_np	rn_np				
teop	mat	0069	#ds	#ds	##ds	##ds				
teop	mat	0069	Ean	2SG.PRON	pro.2:s	pro	2	s		
teop	mat	0069	toro	must	lv	lv				
teop	mat	0069	nao	go	v:pred	v		pred		
teop	mat	0069	#cc	#cc	#ds_cc:g	#ds_cc		g		
teop	mat	0069	tea	COMP1	other	other				
teop	mat	0069	kana	scoop	vother:pred	vother		pred		
teop	mat	0069	sa	PART.ART	ln	ln				
teop	mat	0069	tahii	saltwater	np:p	np		p		
teop	mat	0069	#ds	#ds	##ds	##ds				
teop	mat	0069	a-re	1PL.IN-CONSEC	pl_pro.1:a-other	pl_pro	1	a-other		
teop	mat	0069	ma	come	v:pred	v		pred		
teop	mat	0069	nahu	cook	rv	rv				
teop	mat	0069	a	ART2.SG	ln	ln				
teop	mat	0069	guu	pig	np:p	np		p		
teop	mat	0069	vai	DEM6	rn	rn				
teop	mat	0069	bona	OBJ.ART2.SG	ln	ln				
teop	mat	0069	tahii	saltwater	np:p2	np		p2		
teop	mat	0070			nc	nc				
teop	mat	0071	#	#	##	##				
teop	mat	0071	me=	and4	other=	other=				
teop	mat	0071	erau	so	other	other				
teop	mat	0071	me=	and4	other=	other=				
teop	mat	0071	ZERO	3SG.ZERO	0.h:s_ds	0	h	s_ds		
teop	mat	0071	paa	TAM3	lv	lv				
teop	mat	0071	sue	say	v:pred	v		pred		
teop	mat	0071	#ds	#ds	##ds	##ds				
teop	mat	0071	Bara"	well	other	other				
teop	mat	0071	subunubu	tomorrow	other	other				
teop	mat	0071	ne	1SG.CONSEC	pro.1:s	pro	1	s		
teop	mat	0071	paa	TAM3	lv	lv				
teop	mat	0071	nao	go	v:pred	v		pred		
teop	mat	0071	#cc	#cc	#cc:g	#cc		g		
teop	mat	0071	tea	COMP1	other	other				
teop	mat	0071	kana	scoop	vother:pred	vother		pred		
teop	mat	0071	k=	DAT=	rv=	rv=				
teop	mat	0071	ara=	{1PL.IN.OBJM}=	rv-pl_pro.1:p=	rv-pl_pro	1	p=		
teop	mat	0071	ara	1PL.IN-PRON	pl_pro.1:p	pl_pro	1	p		
teop	mat	0071	sa	PART.ART	ln	ln				
teop	mat	0071	tahii	saltwater	np:p2	np		p2		
teop	mat	0072	#	#	##	##				
teop	mat	0072	Nao	go	v:pred	v		pred		
teop	mat	0072	vai	now	other	other				
teop	mat	0072	e	ART1.SG	ln	ln				
teop	mat	0072	Roosuu	giant	np.h:s	np	h	s		
teop	mat	0073	#	#	##	##				
teop	mat	0073	Takaha	break (of dawn)	v:pred	v		pred		
teop	mat	0073	koa	just	other	other				
teop	mat	0073	#	#	##	##				
teop	mat	0073	me=	and4=	other=	other=				
teop	mat	0073	ZERO	3SG.ZERO	0.h:s	0	h	s		
teop	mat	0073	paa	TAM3	lv	lv				
teop	mat	0073	nao	go	v:pred	v		pred		
teop	mat	0073	#	#	##	##				
teop	mat	0073	me=	and4=	other=	other=				
teop	mat	0073	ZERO	3SG.ZERO	0.h:s	0	h	s		
teop	mat	0073	paa	TAM3	lv	lv				
teop	mat	0073	nao	go	v:pred	v		pred		
teop	mat	0074	#	#	##	##				
teop	mat	0074	ZERO	3SG.ZERO	0.h:s	0	h	s		
teop	mat	0074	Nao	go	v:pred	v		pred		
teop	mat	0074	#	#	##	##				
teop	mat	0074	me=	and4=	other=	other=				
teop	mat	0074	ZERO	3SG.ZERO	0.h:a	0	h	a		
teop	mat	0074	paa	TAM3	lv	lv				
teop	mat	0074	mosi	cut	v:pred	v		pred		
teop	mat	0074	maa	hither	rv	rv				
teop	mat	0074	bono	OBJ.ART3.SG	ln	ln				
teop	mat	0074	kururu	bamboo	np:p	np		p		
teop	mat	0075			nc	nc				
teop	mat	0076	#	#	##	##				
teop	mat	0076	me=	and4=	other=	other=				
teop	mat	0076	a	ART2.SG	ln	ln				
teop	mat	0076	moon	woman	np.h:s_ds	np	h	s_ds		
teop	mat	0076	paa	TAM3	lv	lv				
teop	mat	0076	sue	say	v:pred	v		pred		
teop	mat	0076	#ds	#ds	##ds	##ds				
teop	mat	0076	ZERO	2SG.ZERO	0.2:a	0	2	a		
teop	mat	0076	"Dee	carry	v:pred	v		pred		
teop	mat	0076	maa	hither	rv	rv				
teop	mat	0076	ZERO	3SG.ZERO	0:p	0		p		
teop	mat	0076	#ds	#ds	##ds	##ds				
teop	mat	0076	naa	1SG.PRON	pro.1:a	pro	1	a		
teop	mat	0076	re	CONSEC	other	other				
teop	mat	0076	dona	pierce.knots	v:pred	v		pred		
teop	mat	0076	ZERO	3SG.ZERO	0:p	0		p		
teop	mat	0077	#	#	##	##				
teop	mat	0077	me=	and4	other=	other=				
teop	mat	0077	ZERO	3SG.ZERO	0.h:a	0	h	a		
teop	mat	0077	paa	TAM3	lv	lv				
teop	mat	0077	dona	pierce.knots	v:pred	v		pred		
teop	mat	0077	bona	4SG1.PRON	pro:p	pro		p		
teop	mat	0077	#	#	##	##				
teop	mat	0077	me	and4	other	other				
teop	mat	0077	ZERO	3SG.ZERO	0.h:a	0	h	a		
teop	mat	0077	dona	pierce.knots	v:pred	v		pred		
teop	mat	0077	ZERO	4SG1.ZERO	0:p	0		p		
teop	mat	0077	#	#	##	##				
teop	mat	0077	me	and4	other	other				
teop	mat	0077	ZERO	3SG.ZERO	0:s	0		s		
teop	mat	0077	pahin	directly	other	other				
teop	mat	0077	tabusu	have.holes	v:pred	v		pred		
teop	mat	0077	nao	go	rv	rv				
teop	mat	0077	te=	PREP=	adp=	adp=				
teop	mat	0077	o	ART3.SG	ln	ln				
teop	mat	0077	taena	bottom	np:g	np		g		
teop	mat	0077	n=	{3SG.POSS}=	rn_pro:poss	rn_pro		poss		
teop	mat	0077	o	ART3.SG	rn	rn				
teop	mat	0077	kururu	bamboo	rn_np:poss	rn_np		poss		
teop	mat	0078	#	#	##	##				
teop	mat	0078	me=	and4=	other=	other=				
teop	mat	0078	erau	so	other	other				
teop	mat	0078	me=	and4=	other=	other=				
teop	mat	0078	ZERO	3SG.ZERO	0.h:s_ds	0	h	s_ds		
teop	mat	0078	paa	TAM3	lv	lv				
teop	mat	0078	sue	say	v:pred	v		pred		
teop	mat	0079	#ds	#ds	##ds	##ds				
teop	mat	0079	Bara"	alright	other	other				
teop	mat	0079	ean	2SG.PRON	pro.2:s	pro	2	s		
teop	mat	0079	kahi	TAM1	lv	lv				
teop	mat	0079	ta-gune	CAUS-wake.up	v:pred	v		pred		
teop	mat	0079	sahata	dear	other	other				
teop	mat	0079	#ds	#ds	##ds	##ds				
teop	mat	0079	ean	2SG.PRON	pro.2:s	pro	2	s		
teop	mat	0079	re=	CONSEC=	other=	other=				
teop	mat	0079	paa	TAM3	lv	lv				
teop	mat	0079	nao	go	v:pred	v		pred		
teop	mat	0079	#cc	#cc	#ds_cc:g	#ds_cc		g		
teop	mat	0079	tea	COMP1	other	other				
teop	mat	0079	kana	scoop	vother:pred	vother		pred		
teop	mat	0079	sa	PART.ART	ln	ln				
teop	mat	0079	tahii	saltwater	np:p	np		p		
teop	mat	0080			nc	nc				
teop	mat	0081	#	#	##	##				
teop	mat	0081	me=	and4=	other=	other=				
teop	mat	0081	ZERO	3SG.ZERO	0.h:s	0	h	s		
teop	mat	0081	paa	TAM3	lv	lv				
teop	mat	0081	nubu	set.off.early	v:pred	v		pred		
teop	mat	0081	#	#	##	##				
teop	mat	0081	me=	and4=	other=	other=				
teop	mat	0081	ZERO	3SG.ZERO	0.h:s	0	h	s		
teop	mat	0081	paa	TAM3	lv	lv				
teop	mat	0081	nao	go	v:pred	v		pred		
teop	mat	0082	#	#	##	##				
teop	mat	0082	ZERO	3SG.ZERO	0.h:s	0	h	s		
teop	mat	0082	nao	go	v:pred	v		pred		
teop	mat	0082	#	#	##	##				
teop	mat	0082	me	and4	other	other				
teop	mat	0082	ZERO	3SG.ZERO	0.h:s	0	h	s		
teop	mat	0082	nao	go	v:pred	v		pred		
teop	mat	0082	#	#	##	##				
teop	mat	0082	me	and4	other	other				
teop	mat	0082	ZERO	3SG.ZERO	0.h:s	0	h	s		
teop	mat	0082	nao	go	v:pred	v		pred		
teop	mat	0082	#	#	##	##				
teop	mat	0082	a	ART2.SG	ln	ln				
teop	mat	0082	bua	two	ln	ln				
teop	mat	0082	tom	DYAD	ln	ln				
teop	mat	0082	sina-na	mother-DEREL	pl_np.h:s_ds	pl_np	h	s_ds		
teop	mat	0082	he	but	other	other				
teop	mat	0082	paa	TAM3	lv	lv				
teop	mat	0082	sue	say	v:pred	v		pred		
teop	mat	0082	vaevuru	already	other	other				
teop	mat	0082	#ds	#ds	##ds	##ds				
teop	mat	0082	Eara	1PL.IN-PRON	pl_pro.1:s	pl_pro	1	s		
teop	mat	0082	kahi	TAM1	lv	lv				
teop	mat	0082	nao	go	v:pred	v		pred		
teop	mat	0082	vareko	please	rv	rv				
teop	mat	0082	rara	{1PL.IN.IPFV}	rv-pl_pro.1:s	rv-pl_pro	1	s		
teop	mat	0082	sahata	dear	other	other				
teop	mat	0083	#ds	#ds	##ds	##ds				
teop	mat	0083	ZERO	2SG.ZERO	0.2:a	0	2	a		
teop	mat	0083	Gono	get	v:pred	v		pred		
teop	mat	0083	koa	just	rv	rv				
teop	mat	0083	a	ART2.SG	ln	ln				
teop	mat	0083	si	DIM	ln	ln				
teop	mat	0083	vuhun	bow	np:p	np		p		
teop	mat	0083	te=	PREP=	rn_adp=	rn_adp=				
teop	mat	0083	an	2SG.PRON	rn_pro.2:poss	rn_pro	2	poss		
teop	mat	0083	#ds	#ds	##ds	##ds				
teop	mat	0083	a-re	1PL.IN-CONSEC	pl_pro.1:s-	pl_pro	1	s-		
teop	mat	0083	nao	go	v:pred	v		pred		
teop	mat	0084	#	#	##	##				
teop	mat	0084	Orait	alright	other	other				
teop	mat	0084	me	and4=	other=	other=				
teop	mat	0084	e	ART1.SG	ln	ln				
teop	mat	0084	Roosuu	giant	np.h:s	np	h	s		
teop	mat	0084	peana	busy	v:pred	v		pred		
teop	mat	0084	tei	stay	rv	rv				
teop	mat	0084	maa	hither	rv	rv				
teop	mat	0084	=na	={3SG.IPFV}	=rv-pro.h:s	=rv-pro	h	s		
teop	mat	0084	kasuana	beach	np:l	np		l		
teop	mat	0085			nc	nc				
teop	mat	0086	#	#	##	##				
teop	mat	0086	a	ART2.SG	ln	ln				
teop	mat	0086	bua	two.A	ln	ln				
teop	mat	0086	tom	DYAD	ln	ln				
teop	mat	0086	sinana	mother-DEREL	pl_np.h:s	pl_np	h	s		
teop	mat	0086	he	but	other	other				
teop	mat	0086	taatagi	get.ready	v:pred	v		pred		
teop	mat	0086	koa	just	rv	rv				
teop	mat	0086	#	#	##	##				
teop	mat	0086	me=	and4=	other=	other=				
teop	mat	0086	ZERO	3SG.ZERO	0.h:a	0	h	a		
teop	mat	0086	paa	TAM3	lv	lv				
teop	mat	0086	sue	say	v:pred	v		pred		
teop	mat	0086	ki	DAT	rv	rv				
teop	mat	0086	bono	OBJ.ART3.SG	ln	ln				
teop	mat	0086	matavus	door	np:p	np		p		
teop	mat	0087	#ds	#ds	##ds	##ds				
teop	mat	0087	"Tagan	Tagan						
teop	mat	0087	takarata	takarata						
teop	mat	0088	#	#	##	##				
teop	mat	0088	me=	and4=	other=	other=				
teop	mat	0088	o	ART3.SG	ln	ln				
teop	mat	0088	matavus	door	np:s	np		s		
teop	mat	0088	paa	TAM3	lv	lv				
teop	mat	0088	tamata	ACAUS-open	v:pred	v		pred		
teop	mat	0088	vaevuru	already	other	other				
teop	mat	0089	#ds	#ds	##ds	##ds				
teop	mat	0089	Tagan"	Tagan						
teop	mat	0089	takapusu	takapusu						
teop	mat	0090	#	#	##	##				
teop	mat	0090	ZERO	3SG.ZERO	0:s	0		s		
teop	mat	0090	Paas	shut	v:pred	v		pred		
teop	mat	0090	vahaa	again	rv	rv				
teop	mat	0090	#	#	##	##				
teop	mat	0090	a	ART2.SG	ln	ln				
teop	mat	0090	bua	two.A	ln	ln				
teop	mat	0090	tom	DYAD	ln	ln				
teop	mat	0090	sina-na	mother-DEREL	pl_np.h:a	pl_np	h	a		
teop	mat	0090	paa	TAM3	lv	lv				
teop	mat	0090	taneo	start	v:pred	v		pred		
teop	mat	0090	#cc	#cc	#cc:p	#cc		p		
teop	mat	0090	tea	COMP1	other	other				
teop	mat	0090	pita	walk	vother:pred	vother		pred		
teop	mat	0090	voosu	go.home	rv	rv				
teop	mat	0091			nc	nc				
teop	mat	0092	#	#	##	##				
teop	mat	0092	me=	and4	other=	other=				
teop	mat	0092	ori	3PL.PRON	pl_pro.h:s	pl_pro	h	s		
teop	mat	0092	nao	go	v:pred	v		pred		
teop	mat	0092	#	#	##	##				
teop	mat	0092	me=	and4=	other=	other=				
teop	mat	0092	ori	3PL.PRON	pl_pro.h:s	pl_pro	h	s		
teop	mat	0092	nao	go	v:pred	v		pred		
teop	mat	0092	#	#	##	##				
teop	mat	0092	me=	and4	other=	other=				
teop	mat	0092	ori	3PL.PRON	pl_pro.h:s	pl_pro	h	s		
teop	mat	0092	nao	go	v:pred	v		pred		
teop	mat	0092	#	#	##	##				
teop	mat	0092	a	ART2.SG	ln	ln				
teop	mat	0092	beiko	child	np.h:s	np	h	s		
teop	mat	0092	va-vana-vana-	MULT-RED-shoot	v:pred	v		pred		
teop	mat	0092	bata	along	rv	rv				
teop	mat	0092	=na	={3SG.IPFV}	=rv-pro.h:s	=rv-pro	h	s		
teop	mat	0092	#ds	#ds	##ds	##ds				
teop	mat	0092	"Pistoo	Pistoo	np.h:voc	np	h	voc		
teop	mat	0093	o	ART2.PL	ln	ln				
teop	mat	0093	pauna	banana	np:pred	np		pred		
teop	mat	0093	te=	PREP=	rn_adp=	rn_adp=				
teop	mat	0093	nam	1PL:EX.PRON	rn_pl_pro.1:poss	rn_pl_pro	1	poss		
teop	mat	0093	bo	and3	rn	rn				
teop	mat	0093	Papa	Papa	rn_np.h:poss	rn_np	h	poss		
teop	mat	0093	e	ART1.SG	rn	rn				
teop	mat	0093	Mokehiva	Mokehiva	rn	rn				
teop	mat	0094	#	#	##	##				
teop	mat	0094	ZERO	3SG.ZERO	0.h:s	0	h	s		
teop	mat	0094	Nao	go	v:pred	v		pred		
teop	mat	0094	va-vana-vana	MULT-RED-shoot	rv	rv				
teop	mat	0094	bata	along	rv	rv				
teop	mat	0094	nao	thither	rv	rv				
teop	mat	0094	=na	={3SG.IPFV}	=rv-pro.h:s	=rv-pro	h	s		
teop	mat	0094	#	#	##	##				
teop	mat	0094	me=	and4=	other=	other=				
teop	mat	0094	ori	3PL.PRON	pl_pro.h:s	pl_pro	h	s		
teop	mat	0094	paa	TAM3	lv	lv				
teop	mat	0094	vahus	be.close	v:pred	v		pred		
teop	mat	0094	nao	go	rv	rv				
teop	mat	0094	bona	OBJ.ART2.SG	ln	ln				
teop	mat	0094	mohina	garden	np:p	np		p		
teop	mat	0094	te=	PREP=	rn_adp=	rn_adp=				
teop	mat	0094	e	ART1.SG	rn	rn				
teop	mat	0094	subu=	grandparent=	rn_np.h:poss	rn_np	h	poss		
teop	mat	0094	ri=	{3PL.POSS}=	rn_pl_pro.h:poss	rn_pl_pro	h	poss		
teop	mat	0094	ori	3PL.PRON	rn_pl_np.h:poss	rn_pl_np	h	poss		
teop	mat	0095	#	#	##	##				
teop	mat	0095	me=	and4=	other=	other=				
teop	mat	0095	ZERO	3SG.ZERO	0.h:s	0	h	s		
teop	mat	0095	paa	TAM3	lv	lv				
teop	mat	0095	vana	shoot	v:pred	v		pred		
teop	mat	0095	nao	thither	rv	rv				
teop	mat	0095	#	#	##	##				
teop	mat	0095	me=	and4=	other=	other=				
teop	mat	0095	ZERO	3SG.ZERO	0.h:s_ds	0	h	s_ds		
teop	mat	0095	paa	TAM3	lv	lv				
teop	mat	0095	sue	say	v:pred	v		pred		
teop	mat	0095	#ds	#ds	##ds	##ds				
teop	mat	0095	Pistoo"	Pistoo	np.h:voc	np	h	voc		
teop	mat	0095	pauna	banana	np:pred	np		pred		
teop	mat	0095	te=	PREP=	rn_adp=	rn_adp=				
teop	mat	0095	nam	1PL:EX.PRON	rn_pl_pro.1:poss	rn_pl_pro	1	poss		
teop	mat	0095	bo	and3	rn	rn				
teop	mat	0095	Papa	Papa	rn_np:poss	rn_np		poss		
teop	mat	0095	Mokehiva	Mokehiva	rn	rn				
teop	mat	0096	#	#	##	##				
teop	mat	0096	Me	and4=	other=	other=				
teop	mat	0096	e	ART1.SG	ln	ln				
teop	mat	0096	sumeke	old.man	np.h:s_ds	np	h	s_ds		
teop	mat	0097	subu	grandparent=	np.h:appos	np	h	appos		
teop	mat	0097	na=	{3SG.POSS}=	rn-pro.h:poss	rn-pro	h	poss		
teop	mat	0097	e	ART1.SG	rn	rn				
teop	mat	0097	beiko	child	rn_np.h:poss	rn_np	h	poss		
teop	mat	0097	vai	DEM6	rn	rn				
teop	mat	0097	paa	TAM3	lv	lv				
teop	mat	0097	sue	say	v:pred	v		pred		
teop	mat	0098	#ds	#ds	##ds	##ds				
teop	mat	0098	"Eh!	Eh	other	other				
teop	mat	0098	subu=	grandparent= 	np.h:voc	np	h	voc		
teop	mat	0098	ri=	{3PL.POSS}=	rn-pl_pro.h:poss	rn-pl_pro	h	poss		
teop	mat	0099	#ds	#ds	##ds	##ds				
teop	mat	0099	a	ART2.SG	ln	ln				
teop	mat	0099	naovana	bird	np.h:pred	np	h	pred		
teop	mat	0099	tabae	what	rn	rn				
teop	mat	0099	#rc	#rc	#ds_rc:s	#ds_rc		s		
teop	mat	0099	to	REL	rel_pro:a	rel_pro		a		
teop	mat	0099	dadao	call	v:pred	v		pred		
teop	mat	0099	bata	along	rv	rv				
teop	mat	0099	ma=	hither=	rv=	rv=				
teop	mat	0099	na	{3SG.IPFV}	rv-pro.h:p	rv-pro	h	p		
teop	mat	0099	bene	OBJ.ART1.SG	ln	ln				
teop	mat	0099	roosuu	giant	np.h:p	np	h	p		
teop	mat	0099	vai	DEM6	rn	rn				
teop	mat	0099	vaa	LNK	rn	rn				
teop	mat	0099	voora	mountain	rn_np	rn_np				
teop	mat	0100	#ds	#ds	##ds	##ds				
teop	mat	0100	ZERO	2SG.ZERO	0.2:s	0	2	s		
teop	mat	0100	baitono	listen	v:pred	v		pred		
teop	mat	0100	nao	thither	rv	rv				
teop	mat	0101	#	#	##	##				
teop	mat	0101	ZERO	3SG.ZERO	0.h:a	0	h	a		
teop	mat	0101	Baitono	listen	v:pred	v		pred		
teop	mat	0101	habana	again	rv	rv				
teop	mat	0101	koa	just	rv	rv				
teop	mat	0101	vai	now	other	other				
teop	mat	0101	#cc	#cc	#cc:p	#cc		p		
teop	mat	0101	a	ART2.SG	ln	ln				
teop	mat	0101	beiko	child	np.h:s_ds	np	h	s_ds		
teop	mat	0101	he	but	other	other				
teop	mat	0101	sue	say	v:pred	v		pred		
teop	mat	0102	#ds	#ds	##ds	##ds				
teop	mat	0102	Pistoo"	Pistoo	np.h:voc	np	h	voc		
teop	mat	0102	o	ART2.PL	ln	ln				
teop	mat	0102	pauna	banana	np:pred	np		pred		
teop	mat	0102	te=	PREP=	rn_adp=	rn_adp=				
teop	mat	0102	nam	1PL:EX.PRON	rn-pl_pro.1:poss	rn-pl_pro	1	poss		
teop	mat	0102	bo	and3	rn	rn				
teop	mat	0102	Papa	Papa	rn_np:poss	rn_np		poss		
teop	mat	0102	e	ART1.SG	rn	rn				
teop	mat	0102	Mokehiva	Mokehiva	rn	rn				
teop	mat	0103	#	#	##	##				
teop	mat	0103	Erau	so	other	other				
teop	mat	0103	#ds	#ds	##ds	##ds				
teop	mat	0103	"ta	??	nc	nc				
teop	mat	0103	baitono	listen	v:pred	v		pred		
teop	mat	0103	#ds	#ds	##ds	##ds				
teop	mat	0103	baitono!"	listen	v:pred	v		pred		
teop	mat	0104	#	#	##	##				
teop	mat	0104	ZERO	3SG.ZERO	0.h:s	0	h	s		
teop	mat	0104	nao	go	v:pred	v		pred		
teop	mat	0104	vai	now	other	other				
teop	mat	0104	#	#	##	##				
teop	mat	0104	me=	and4=	other=	other=				
teop	mat	0104	ori	3PL.PRON	pl_pro.h:s	pl_pro	h	s		
teop	mat	0104	paa	TAM3	lv	lv				
teop	mat	0104	pita	walk	v:pred	v		pred		
teop	mat	0104	vahusu	close	rv	rv				
teop	mat	0104	a	ART2.SG	ln	ln				
teop	mat	0104	bua	two	ln	ln				
teop	mat	0104	tom	DYAD	ln	ln				
teop	mat	0104	sina-na	mother-DEREL	pl_np.h:dt_s	pl_np	h	dt_s		
teop	mat	0105	#	#	##	##				
teop	mat	0105	me=	and4=	other=	other=				
teop	mat	0105	ori	3PL.PRON	pl_pro.h:s	pl_pro	h	s		
teop	mat	0105	pita	walk	v:pred	v		pred		
teop	mat	0105	#	#	##	##				
teop	mat	0105	me=	and4=	other=	other=				
teop	mat	0105	ori	3PL.PRON	pl_pro.h:s	pl_pro	h	s		
teop	mat	0105	pita	walk	v:pred	v		pred		
teop	mat	0105	pita	walk	rv	rv				
teop	mat	0105	pita	walk	rv	rv				
teop	mat	0106	#	#	##	##				
teop	mat	0106	erau	so	other	other				
teop	mat	0106	me=	and4=	other=	other=				
teop	mat	0106	ZERO	3SG.ZERO	0.h:s	0	h	s		
teop	mat	0106	paa	TAM3	lv	lv				
teop	mat	0106	vana	shoot	v:pred	v		pred		
teop	mat	0106	habana	again	rv	rv				
teop	mat	0106	koa	just	rv	rv				
teop	mat	0107	#	#	##	##				
teop	mat	0107	e	ART1.SG	ln	ln				
teop	mat	0107	sumeke	old.man	np.h:s	np	h	s		
teop	mat	0107	he	but	other	other				
teop	mat	0108	na	TAM2	lv	lv				
teop	mat	0108	peha	climb	v:pred	v		pred		
teop	mat	0108	roho	before	rv	rv				
teop	mat	0108	te=	PREP=	adp=	adp=				
teop	mat	0108	o	ART3.SG	ln	ln				
teop	mat	0108	pauna	banana plant	np:g	np		g		
teop	mat	0109	#ac	#ac	#ac	#ac				
teop	mat	0109	tea	COMP1	other	other				
teop	mat	0109	pam-pam	RED-wrap	vother:pred	vother		pred		
teop	mat	0109	bono	OBJ.ART2.PL	ln	ln				
teop	mat	0109	pauna	banana	np:p	np		p		
teop	mat	0110	#	#	##	##				
teop	mat	0110	ZERO	3SG.ZERO	0.h:a	0	h	a		
teop	mat	0110	kahi	TAM1	lv	lv				
teop	mat	0110	paku	do	v:pred	v		pred		
teop	mat	0110	roho	before	rv	rv				
teop	mat	0110	bona	OBJ.ART2.SG	ln	ln				
teop	mat	0110	tabaan	food	np:p	np		p		
teop	mat	0110	te=	PREP=	adp=	adp=				
teop	mat	0110	a	ART2.SG	ln	ln				
teop	mat	0110	moon	woman	np.h:obl	np	h	obl		
teop	mat	0110	vai	DEM6	rv	rv				
teop	mat	0110	#rc	#rc	rn_#rc	rn_#rc				
teop	mat	0110	to	REL	rel_pro.h:s	rel_pro	h	s		
teop	mat	0110	rova	disappear	v:pred	v		pred		
teop	mat	0110	roho	before	rv	rv				
teop	mat	0111	#	#	##	##				
teop	mat	0111	me=	and4	other=	other=				
teop	mat	0111	ZERO	3SG.ZERO	0.h:a	0	h	a		
teop	mat	0111	paa	TAM3	lv	lv				
teop	mat	0111	pam-pam	RED-wrap	v:pred	v		pred		
teop	mat	0111	nana	{3SG.IPFV}	rv-pro.h:a	rv-pro	h	a		
teop	mat	0111	ZERO		0:p	0		p		
teop	mat	0112	#ds	#ds	##ds	##ds				
teop	mat	0112	"Pistoo	Pistoo	np.h:voc	np	h	voc		
teop	mat	0112	o	ART2.PL	ln	ln				
teop	mat	0112	pauna	banana	np:pred	np		pred		
teop	mat	0112	te=	PREP=	rn_adp=	rn_adp=				
teop	mat	0112	nam	1PL:EX.PRON	rn_pl_pro.1:poss	rn_pl_pro	1	poss		
teop	mat	0112	bo	and3	rn	rn				
teop	mat	0112	Papa	Papa	rn_np:poss	rn_np		poss		
teop	mat	0112	e	ART1.SG	rn	rn				
teop	mat	0112	Mokehiva	Mokehiva	rn	rn				
teop	mat	0113	#ds	#ds	##ds	##ds				
teop	mat	0113	Hih"	hih	other	other				
teop	mat	0113	a	ART2.SG	ln	ln				
teop	mat	0113	beiko	child	np.h:dt_pred	np	h	dt_pred		
teop	mat	0113	a	ART2.SG	ln	ln				
teop	mat	0113	beiko	child	np.h:pred	np	h	pred		
teop	mat	0113	#rc	#rc	#ds_rc:s	#ds_rc		s		
teop	mat	0113	to	REL	rel_pro.h:a	rel_pro	h	a		
teop	mat	0113	sue	say	v:pred	v		pred		
teop	mat	0113	bata	along	rv	rv				
teop	mat	0113	maa	hither	rv	rv				
teop	mat	0113	=na	={3SG.IPFV}	=rv-pro.h:a	=rv-pro	h	a		
teop	mat	0113	bene	OBJ.ART1.SG	ln	ln				
teop	mat	0113	Roosuu	giant	np.h:p	np	h	p		
teop	mat	0114	##ds		##ds	##ds				
teop	mat	0114	e	ART1.SG	ln	ln				
teop	mat	0114	Roosuu	giant	np.h:pred	np	h	pred		
teop	mat	0114	#rc	#rc	#ds_rc:s	#ds_rc		s		
teop	mat	0114	to	REL	rel_pro.h:p	rel_pro	h	p		
teop	mat	0114	paa	TAM3	lv	lv				
teop	mat	0114	tara	see	v:pred	v		pred		
teop	mat	0114	bau	perhaps	rv	rv				
teop	mat	0114	vo=	GOAL	rv	rv				
teop	mat	0114	ori	3PL.PRON	pl_pro.h:a	pl_pro	h	a		
teop	mat	0115	#	#	##	##				
teop	mat	0115	ZERO	3PL.ZERO	pl_0.h:s	pl_0	h	s		
teop	mat	0115	Nomaa	come	v:pred	v		pred		
teop	mat	0115	vai	now	other	other				
teop	mat	0116			nc	nc				
teop	mat	0117	#	#	##	##				
teop	mat	0117	ZERO	3PL.ZERO	pl_0.h:s	pl_0	h	s		
teop	mat	0117	nao	go	v:pred	v		pred		
teop	mat	0117	vai	now	other	other				
teop	mat	0117	#	#	##	##				
teop	mat	0117	me	and4	other	other				
teop	mat	0117	e	ART1.SG	ln	ln				
teop	mat	0117	sina=	mother =	np.h:s_ds	np	h	s_ds		
teop	mat	0117	na=	3SG.POSS	=rn_pro.h:poss	=rn_pro	h	poss		
teop	mat	0117	e	3SG.PRON	=rn_pro.h:poss	=rn_pro	h	poss		
teop	mat	0117	a	ART1.SG	rn	rn				
teop	mat	0117	beiko	child	rn_np.h:poss	rn_np	h	poss		
teop	mat	0117	paa	TAM3	lv	lv				
teop	mat	0117	sue	say	v:pred	v		pred		
teop	mat	0117	#ds	#ds	##ds	##ds				
teop	mat	0117	ZERO	2SG.ZERO	0.2:s	0	2	s		
teop	mat	0117	Tara	see	v:pred	v		pred		
teop	mat	0117	nao	thither	rv	rv				
teop	mat	0118	#ds	#ds	##ds	##ds				
teop	mat	0118	e	ART1.SG	ln	ln				
teop	mat	0118	bubuu	grandparent	np.h:pred	np	h	pred		
teop	mat	0118	te=	PREP=	rn_adp=	rn_adp=				
teop	mat	0118	an	2SG.PRON	rn_pro.2:poss	rn_pro	2	poss		
teop	mat	0118	#rc	#rc	#ds_rc:s	#ds_rc		s		
teop	mat	0118	to	REL	rel_pro.h:s	rel_pro	h	s		
teop	mat	0118	sun	stand	v:pred	v		pred		
teop	mat	0118	maa	hither	rv	rv				
teop	mat	0118	=na	={3SG.IPFV}	=rv-pro.h:s	=rv-pro	h	s		
teop	mat	0118	#	#	##	##				
teop	mat	0118	e	ART1.SG 	ln	ln				
teop	mat	0118	subu-	grandparent=	np.h:dt	np	h	dt		
teop	mat	0118	m-an	{2SG.POSS}-2SG.PRON	???-pro.2:poss	???-pro	2	poss		
teop	mat	0118	#rc	#rc	#rc	#rc				
teop	mat	0118	to	REL	rel_pro.h:s	rel_pro	h	s		
teop	mat	0118	sun	stand	v:pred	v		pred		
teop	mat	0118	maa	hither	rv	rv				
teop	mat	0118	=na	=3SG.IPFV	=rv-pro.h:s	=rv-pro	h	s		
teop	mat	0118	oioi		nc	nc				
teop	mat	0119	#	#	##	##				
teop	mat	0119	ZERO	3SG.ZERO	0.h:s	0	h	s		
teop	mat	0119	Nao	go	v:pred	v		pred		
teop	mat	0119	vai	now	other	other				
teop	mat	0119	#	#	##	##				
teop	mat	0119	me	and4	other	other				
teop	mat	0119	=a	=ART2.SG	=ln	=ln				
teop	mat	0119	bua	two	ln	ln				
teop	mat	0119	sumeke	old.man	ln	ln				
teop	mat	0119	subuava	old.woman	np.h:s_ds	np	h	s_ds		
teop	mat	0119	paa	TAM3	lv	lv				
teop	mat	0119	sue	say	v:pred	v		pred		
teop	mat	0120	#ds	#ds	##ds	##ds				
teop	mat	0120	eh	hey	other	other				
teop	mat	0120	a	ART2.SG	ln	ln				
teop	mat	0120	bua	two	ln	ln				
teop	mat	0120	sina-na	mother-DEREL	np.h:voc	np	h	voc		
teop	mat	0121	#	#	##	##				
teop	mat	0121	ZERO	3PL.ZERO	pl_0.h:s	pl_0	h	s		
teop	mat	0121	Sun	stand	v:pred	v		pred		
teop	mat	0121	vai	now	other	other				
teop	mat	0121	#	#	##	##				
teop	mat	0121	eori	3PL.PRON	pl_pro.h:a	pl_pro	h	a		
teop	mat	0121	he	but	other	other				
teop	mat	0121	va-ina-inana	MULT-RED-recognise	v:pred	v		pred		
teop	mat	0121	nao	thither	rv	rv				
teop	mat	0121	=ri	={3PL.IPFV}	=rv-pl_pro.h:a	=rv-pl_pro	h	a		
teop	mat	0121	ZERO	4PL.ZERO	pl_0.h:p	pl_0	h	p		
teop	mat	0122	#	#	##	##				
teop	mat	0122	me=	and=	other=	other=				
teop	mat	0122	paa	TAM3	lv	lv				
teop	mat	0122	tara	see	v:pred	v		pred		
teop	mat	0122	bona	OBJ.ART2	ln	ln				
teop	mat	0122	bua	two	ln	ln				
teop	mat	0122	tom	DYAD	ln	ln				
teop	mat	0122	sina-na	mother-DEREL	np.h:p	np	h	p		
teop	mat	0122	#		##	##				
teop	mat	0122	me=	and=	other=	other=				
teop	mat	0122	ori	3PL.PRON	pl_pro.h:s	pl_pro	h	s		
teop	mat	0122	paa	TAM3	lv	lv				
teop	mat	0122	va-ka-kao	MULT-RED-run	v:pred	v		pred		
teop	mat	0123	#	#	##	##				
teop	mat	0123	ZERO	3PL.ZERO	pl_0.h:s	pl_0	h	s		
teop	mat	0123	Nao	go	v:pred	v		pred		
teop	mat	0123	##		##	##				
teop	mat	0123	me=	and4=	other=	other=				
teop	mat	0123	ori	3PL.PRON	pl_pro.h:a	pl_pro	h	a		
teop	mat	0123	mee	take	v:pred	v		pred		
teop	mat	0123	ri	{3PL.OBJM}	rv-pl_pro.h:p	rv-pl_pro	h	p		
teop	mat	0123	maa	hither	rv	rv				
teop	mat	0123	bari	4PL.PRON	pl_pro.h:p	pl_pro	h	p		
teop	mat	0123	te	PREP	adp	adp				
teop	mat	0123	a	ART2.SG	ln	ln				
teop	mat	0123	mohina	garden	np:l	np		l		
teop	mat	0123	muu	taro	rn	rn				
teop	mat	0124	#	#	#	#				
teop	mat	0124	me=	and4=	other=	other=				
teop	mat	0124	ori	3PL.PRON	pl_pro.h:s_ds	pl_pro	h	s_ds		
teop	mat	0124	paa	TAM3	lv	lv				
teop	mat	0124	sue	say	v:pred	v		pred		
teop	mat	0124	#ds	#ds	#ds	#ds				
teop	mat	0124	eara	1PL.IN	pl_pro.1:s	pl_pro	1	s		
teop	mat	0124	kahi	TAM1	lv	lv				
teop	mat	0124	voosu	go.home	v:pred	v		pred		
teop	mat	0124	rara	1PL.IN.IPFV	rv-pl_pro.1:s	rv-pl_pro	1	s		
teop	mat	0124	te	PREP	adp	adp				
teop	mat	0124	=a	=ART2.SG	=ln	=ln				
teop	mat	0124	sivao	moon	np:g	np		g		
teop	mat	0125			nc	nc				
teop	mat	0126	#	#	##	##				
teop	mat	0126	me=	and4=	other=	other=				
teop	mat	0126	erau	so	other	other				
teop	mat	0126	ZERO	3PL.ZERO	pl_0.h:s	pl_0	h	s		
teop	mat	0126	voosu	go.home	v:pred	v		pred		
teop	mat	0126	vai	now	other	other				
teop	mat	0126	te=	PREP=	adp=	adp=				
teop	mat	0126	a	ART2.SG	ln	ln				
teop	mat	0126	sivao	moon	np:g	np		g		
teop	mat	0126	#	#	##	##				
teop	mat	0126	me	and4.ART1.SG	other	other				
teop	mat	0126	sumeke	old.man	np.h:s_ds	np	h	s_ds		
teop	mat	0126	paa	TAM3	lv	lv				
teop	mat	0126	sue	say	v:pred	v		pred		
teop	mat	0127	#	#	##ds	##ds				
teop	mat	0127	ZERO	3PL.ZERO	pl_0.h:a	pl_0	h	a		
teop	mat	0127	vaa-hovo	CAUS-go.inside	v:pred	v		pred		
teop	mat	0127	ri	{3PL.OBJM}	rv_pl_pro.h:p	rv_pl_pro	h	p		
teop	mat	0127	bari	4PL.PRON	pl_pro.h:p	pl_pro	h	p		
teop	mat	0127	koma=	inside=	np:l	np		l		
teop	mat	0127	n=	{3SG.POSS}=	=rn_pro:poss	=rn_pro		poss		
teop	mat	0127	a	ART2.SG	=rn_pro:poss	=rn_pro		poss		
teop	mat	0127	inu	house	rn_np:poss	rn_np		poss		
teop	mat	0128	#	#	#	#				
teop	mat	0128	me	and4	other	other				
teop	mat	0128	sumeke	old.man	np.h:s_ds	np	h	s_ds		
teop	mat	0128	paa	TAM3	lv	lv				
teop	mat	0128	sue	say	v:pred	v		pred		
teop	mat	0129	#ds	#ds	##ds	##ds				
teop	mat	0129	"Eara	1PL.IN-PRON	pl_pro.1:a	pl_pro	1	a		
teop	mat	0129	kahi	TAM1	lv	lv				
teop	mat	0129	vaa-voosu	CAUS-go.home	v:pred	v		pred		
teop	mat	0129	ri	{3PL.OBJM}	rv_pl_pro.h:p	rv_pl_pro	h	p		
teop	mat	0129	rara	{1PL.IN.IPFV}	rv-ppl_pro.1:a	rv-ppl_pro	1	a		
teop	mat	0129	a	ART2.SG	ln	ln				
teop	mat	0129	bua	two.A	ln	ln				
teop	mat	0129	tom	DYAD	ln	ln				
teop	mat	0129	sina-na	mother-DEREL	pl_np.h:p	pl_np	h	p		
teop	mat	0129	#rc	#rc	rn_#ds_rc	rn_#ds_rc				
teop	mat	0129	to	REL	rel_pro.h:s	rel_pro	h	s		
teop	mat	0129	rova	disappear	v:pred	v		pred		
teop	mat	0129	roho	before	rv	rv				
teop	mat	0130	#ds	#ds	##ds	##ds				
teop	mat	0130	ZERO	2PL.ZERO	pl_0.2:a	pl_0	2	a		
teop	mat	0130	kakaku	?	v:pred	v		pred		
teop	mat	0130	mao	?	rv	rv				
teop	mat	0130	guu	pig	np:p	np		p		
teop	mat	0131	#ds	#ds	#ds	#ds				
teop	mat	0131	ZERO	2PL.ZERO	pl_0.2:a	pl_0	2	a		
teop	mat	0131	matatopo	prepare	v:pred	v		pred		
teop	mat	0131	a	ART2	ln	ln				
teop	mat	0131	maa	PL	ln	ln				
teop	mat	0131	mihu	kind	np:p	np		p		
teop	mat	0131	tabaan	food	rv	rv				
teop	mat	0132	#ds	#ds 	#ds	#ds				
teop	mat	0132	Eara	1PL.IN-PRON	pl_pro.1:a	pl_pro	1	a		
teop	mat	0132	kahi	TAM1	lv	lv				
teop	mat	0132	paku	make	v:pred	v		pred		
teop	mat	0132	rara	{1PL.IN.IPFV}	rv-pl_pro.1:a	rv-pl_pro	1	a		
teop	mat	0132	a	ART2.SG	ln	ln				
teop	mat	0132	tabaan	food	np:p	np		p		
teop	mat	0133	te=	PREP=	adp=	adp=				
teop	mat	0133	a	ART2.SG	ln	ln				
teop	mat	0133	bon	night	np:other	np		other		
teop	mat	0134	#	#	##	##				
teop	mat	0134	me=	and4=	other=	other=				
teop	mat	0134	a	ART2.SG	ln	ln				
teop	mat	0134	tavaan	people	pl_np.h:a	pl_np	h	a		
teop	mat	0134	paa	TAM3	lv	lv				
teop	mat	0134	paku	make	v:pred	v		pred		
teop	mat	0134	bona	OBJ.ART2.SG	ln	ln				
teop	mat	0134	tabaan	food	np:p	np		p		
teop	mat	0134	#	#	##	##				
teop	mat	0134	me=	and4	other=	other=				
teop	mat	0134	ori	3PL.PRON	pl_pro.h:s	pl_pro	h	s		
teop	mat	0134	piuvu	dance	v:pred	v		pred		
teop	mat	0134	#	#	#nc	#nc				
teop	mat	0134	me=	and4=	x	x				
teop	mat	0134	???	???	x	x				
teop	mat	0135	#	#	##	##				
teop	mat	0135	me=	and4=	other=	other=				
teop	mat	0135	ori	3PL.PRON	pl_pro.h:s	pl_pro	h	s		
teop	mat	0135	piuvu	dance	v:pred	v		pred		
teop	mat	0135	#	#	##	##				
teop	mat	0135	me=	and=	other=	other=				
teop	mat	0135	ori	3PL.PRON	pl_pro.h:s	pl_pro	h	s		
teop	mat	0135	piuvu	dance	v:pred	v		pred		
teop	mat	0135	#	#	#	#				
teop	mat	0135	me=	and4=	other=	other=				
teop	mat	0135	ori	3PL.PRON	pl_pro.h:a	pl_pro	h	a		
teop	mat	0135	vaa-tavus	CAUS-?	v:pred	v		pred		
teop	mat	0135	bona	OBJ.ART2.SG	ln	ln				
teop	mat	0135	bua	two	ln	ln				
teop	mat	0135	tom	DYAD	ln	ln				
teop	mat	0135	sina-na	mother-DEREL	pl_np.h:p	pl_np	h	p		
teop	mat	0136	#	#	##	##				
teop	mat	0136	ZERO		0:s	0		s		
teop	mat	0136	takaha	set.off.at.dawn	v:pred	v		pred		
teop	mat	0136	vai	now	rv	rv				
teop	mat	0137	#	#	##	##				
teop	mat	0137	me=	and	other=	other=				
teop	mat	0137	ori	3PL.PRON	pl_pro.h:a	pl_pro	h	a		
teop	mat	0137	paa	TAM3	lv	lv				
teop	mat	0137	tara	see	v:pred	v		pred		
teop	mat	0137	bona	OBJ.ART2.SG	ln	ln				
teop	mat	0137	bua	two	ln	ln				
teop	mat	0137	tom	DYAD	ln	ln				
teop	mat	0137	sina-na	mother-DEREL	pl_np.h:p	pl_np	h	p		
teop	mat	0137	te=	PREP=	adp=	adp=				
teop	mat	0137	o	ART3.SG	ln	ln				
teop	mat	0137	veoveo	sqaure	np:l	np		l		
teop	mat	0138	#	#	#nc	#nc				
teop	mat	0138	me=	and4	x	x				
teop	mat	0138	erau	so	x	x				
teop	mat	0138	me	and4	x	x				
teop	mat	0138	paa	TAM3	x	x				
teop	mat	0138	hana	hang	x	x				
teop	mat	0138	te=	PREP=	x	x				
teop	mat	0138	o	ART3.SG	x	x				
teop	mat	0138	kara	???	x	x				
teop	mat	0138	tete	???	x	x				
"							
